"Ranking","ID","Problema","Pontuação Total","Percentual (%)","A Natureza da Dor e o Comportamento (%)","Tamanho de Mercado e Potencial de Escala (%)","Timing e Why Now (%)","Validação e Execução Lean (%)","Monetização e Viabilidade de Negócio (%)","Defensibilidade e Competição (%)","Riscos Fatais (Red Flags) (%)"
"1","293","Gargalos Perigosos Nas Novas Farmácias De Manipulação Em Escala Digital Perante O Risco Da Mistura Contaminada Nos Transportes Regionais Constantes Dos Remédios Da Era ""Customizada"".","1041.0","55.1","58.5","56.5","55.5","56.0","52.3","50.0","51.9"
"2","281","Geração Massiva de Identidades ""Synthetic-Twins"" No Setor Médico e Financeiro Para Roubo","1016.0","53.8","58.3","52.1","55.5","52.0","50.0","54.0","52.5"
"3","296","Falhas De Monitoramento Nos Repasses Financeiros E Governança Do Ecossistema De Transição Do Terceiro Setor (ONGs Climáticas)","1014.0","53.7","55.9","52.6","54.1","55.3","51.2","54.0","50.0"
"4","280","Conflito Estrutural Nos Contratos Imobiliários Por Condicionamento Do Trabalho Híbrido","1013.0","53.6","53.4","55.6","57.7","52.3","51.2","54.0","50.0"
"5","416","Caos de Compliance na Balcanização Regulatória","1013.0","53.6","54.6","56.2","56.4","51.0","50.0","52.0","54.4"
"6","183","Risco de Colapso Cambial em Caixas Corporativos de Emergentes","1012.0","53.5","55.1","53.2","57.7","50.0","53.8","51.5","53.1"
"7","238","O Perigo Iminente do Mercado Negro Farmacêutico Sintético","1012.0","53.5","52.2","57.1","58.2","51.7","51.2","54.0","50.0"
"8","241","Colapso do Valor de Revenda de Veículos Elétricos","1011.0","53.5","53.9","55.0","57.7","51.0","51.9","50.0","55.0"
"9","411","Morosidade no Licenciamento de Minerais Críticos","1010.0","53.4","51.7","52.1","53.6","55.3","53.5","56.0","53.8"
"10","177","Bloqueio Crítico na Gestão por Fragmentação de ""Cidades Inteligentes""","1008.0","53.3","52.4","55.0","51.8","51.0","53.1","55.5","56.2"
"11","307","Descompasso entre Criptoeconomia e Tributação Inflacionária no Sul Global","1008.0","53.3","50.7","57.4","57.3","51.0","51.2","52.0","55.6"
"12","330","Conflito Sistêmico #31: A Interseção Geopolítica Brasileira x Saúde Mental da Geração Z","1006.0","53.2","54.9","52.1","60.0","50.0","51.9","52.0","51.9"
"13","337","Conflito Sistêmico #38: A Interseção Geopolítica Brasileira x Saúde Mental da Geração Z","1006.0","53.2","54.9","52.1","60.0","50.0","51.9","52.0","51.9"
"14","344","Conflito Sistêmico #45: A Interseção Geopolítica Brasileira x Saúde Mental da Geração Z","1006.0","53.2","54.9","52.1","60.0","50.0","51.9","52.0","51.9"
"15","351","Conflito Sistêmico #52: A Interseção Geopolítica Brasileira x Saúde Mental da Geração Z","1006.0","53.2","54.9","52.1","60.0","50.0","51.9","52.0","51.9"
"16","358","Conflito Sistêmico #59: A Interseção Geopolítica Brasileira x Saúde Mental da Geração Z","1006.0","53.2","54.9","52.1","60.0","50.0","51.9","52.0","51.9"
"17","365","Conflito Sistêmico #66: A Interseção Geopolítica Brasileira x Saúde Mental da Geração Z","1006.0","53.2","54.9","52.1","60.0","50.0","51.9","52.0","51.9"
"18","372","Conflito Sistêmico #73: A Interseção Geopolítica Brasileira x Saúde Mental da Geração Z","1006.0","53.2","54.9","52.1","60.0","50.0","51.9","52.0","51.9"
"19","379","Conflito Sistêmico #80: A Interseção Geopolítica Brasileira x Saúde Mental da Geração Z","1006.0","53.2","54.9","52.1","60.0","50.0","51.9","52.0","51.9"
"20","386","Conflito Sistêmico #87: A Interseção Geopolítica Brasileira x Saúde Mental da Geração Z","1006.0","53.2","54.9","52.1","60.0","50.0","51.9","52.0","51.9"
"21","393","Conflito Sistêmico #94: A Interseção Geopolítica Brasileira x Saúde Mental da Geração Z","1006.0","53.2","54.9","52.1","60.0","50.0","51.9","52.0","51.9"
"22","462","Epidemia de Ansiedade Induzida por Telas e Vidas Virtuais","1006.0","53.2","52.9","56.2","53.6","51.7","51.9","52.0","53.8"
"23","317","Cegueira Estratégica na Coleta de Dados Geológicos do Fundo Oceânico Sul-Atlântico","1005.0","53.2","53.7","54.1","55.5","51.0","50.0","54.0","55.0"
"24","446","Gargalos Burocráticos para a Empresa de Uma Pessoa Só","1004.0","53.1","54.9","53.8","55.9","50.0","51.9","52.0","52.5"
"25","15","Complexidade regulatória para empresas em múltiplos blocos","1003.0","53.1","54.6","51.5","56.4","51.0","51.9","52.0","55.0"
"26","311","Vácuo de Proteção no Descarte de Dispositivos Médicos Injetáveis Domésticos","1003.0","53.1","53.2","54.7","57.7","50.0","50.0","52.0","55.0"
"27","331","Conflito Sistêmico #32: A Interseção Mudanças Climáticas x Fuga de Cérebros e Talentos","1002.0","53.0","55.9","52.1","57.7","50.0","51.9","52.0","50.0"
"28","332","Conflito Sistêmico #33: A Interseção Deep Tech (Hardware) x Distorção Sociocultural de Algoritmos","1002.0","53.0","54.9","53.2","57.7","50.0","51.9","52.0","50.0"
"29","338","Conflito Sistêmico #39: A Interseção Mudanças Climáticas x Fuga de Cérebros e Talentos","1002.0","53.0","55.9","52.1","57.7","50.0","51.9","52.0","50.0"
"30","339","Conflito Sistêmico #40: A Interseção Deep Tech (Hardware) x Distorção Sociocultural de Algoritmos","1002.0","53.0","54.9","53.2","57.7","50.0","51.9","52.0","50.0"
"31","345","Conflito Sistêmico #46: A Interseção Mudanças Climáticas x Fuga de Cérebros e Talentos","1002.0","53.0","55.9","52.1","57.7","50.0","51.9","52.0","50.0"
"32","346","Conflito Sistêmico #47: A Interseção Deep Tech (Hardware) x Distorção Sociocultural de Algoritmos","1002.0","53.0","54.9","53.2","57.7","50.0","51.9","52.0","50.0"
"33","352","Conflito Sistêmico #53: A Interseção Mudanças Climáticas x Fuga de Cérebros e Talentos","1002.0","53.0","55.9","52.1","57.7","50.0","51.9","52.0","50.0"
"34","353","Conflito Sistêmico #54: A Interseção Deep Tech (Hardware) x Distorção Sociocultural de Algoritmos","1002.0","53.0","54.9","53.2","57.7","50.0","51.9","52.0","50.0"
"35","359","Conflito Sistêmico #60: A Interseção Mudanças Climáticas x Fuga de Cérebros e Talentos","1002.0","53.0","55.9","52.1","57.7","50.0","51.9","52.0","50.0"
"36","360","Conflito Sistêmico #61: A Interseção Deep Tech (Hardware) x Distorção Sociocultural de Algoritmos","1002.0","53.0","54.9","53.2","57.7","50.0","51.9","52.0","50.0"
"37","366","Conflito Sistêmico #67: A Interseção Mudanças Climáticas x Fuga de Cérebros e Talentos","1002.0","53.0","55.9","52.1","57.7","50.0","51.9","52.0","50.0"
"38","367","Conflito Sistêmico #68: A Interseção Deep Tech (Hardware) x Distorção Sociocultural de Algoritmos","1002.0","53.0","54.9","53.2","57.7","50.0","51.9","52.0","50.0"
"39","373","Conflito Sistêmico #74: A Interseção Mudanças Climáticas x Fuga de Cérebros e Talentos","1002.0","53.0","55.9","52.1","57.7","50.0","51.9","52.0","50.0"
"40","374","Conflito Sistêmico #75: A Interseção Deep Tech (Hardware) x Distorção Sociocultural de Algoritmos","1002.0","53.0","54.9","53.2","57.7","50.0","51.9","52.0","50.0"
"41","380","Conflito Sistêmico #81: A Interseção Mudanças Climáticas x Fuga de Cérebros e Talentos","1002.0","53.0","55.9","52.1","57.7","50.0","51.9","52.0","50.0"
"42","381","Conflito Sistêmico #82: A Interseção Deep Tech (Hardware) x Distorção Sociocultural de Algoritmos","1002.0","53.0","54.9","53.2","57.7","50.0","51.9","52.0","50.0"
"43","387","Conflito Sistêmico #88: A Interseção Mudanças Climáticas x Fuga de Cérebros e Talentos","1002.0","53.0","55.9","52.1","57.7","50.0","51.9","52.0","50.0"
"44","388","Conflito Sistêmico #89: A Interseção Deep Tech (Hardware) x Distorção Sociocultural de Algoritmos","1002.0","53.0","54.9","53.2","57.7","50.0","51.9","52.0","50.0"
"45","394","Conflito Sistêmico #95: A Interseção Mudanças Climáticas x Fuga de Cérebros e Talentos","1002.0","53.0","55.9","52.1","57.7","50.0","51.9","52.0","50.0"
"46","395","Conflito Sistêmico #96: A Interseção Deep Tech (Hardware) x Distorção Sociocultural de Algoritmos","1002.0","53.0","54.9","53.2","57.7","50.0","51.9","52.0","50.0"
"47","1","Estresse hídrico crônico em megacidades","1001.0","53.0","55.6","54.4","51.8","52.7","52.3","50.0","50.0"
"48","260","Falha na Manutenção Cívica por Redes Sociais Polarizadas","1001.0","53.0","53.9","53.5","54.1","51.0","53.5","56.0","46.9"
"49","328","Conflito Sistêmico #29: A Interseção IA Agêntica x Clima e Transição Energética","1001.0","53.0","54.9","52.1","57.7","50.0","51.9","52.0","51.9"
"50","335","Conflito Sistêmico #36: A Interseção IA Agêntica x Clima e Transição Energética","1001.0","53.0","54.9","52.1","57.7","50.0","51.9","52.0","51.9"
"51","342","Conflito Sistêmico #43: A Interseção IA Agêntica x Clima e Transição Energética","1001.0","53.0","54.9","52.1","57.7","50.0","51.9","52.0","51.9"
"52","349","Conflito Sistêmico #50: A Interseção IA Agêntica x Clima e Transição Energética","1001.0","53.0","54.9","52.1","57.7","50.0","51.9","52.0","51.9"
"53","356","Conflito Sistêmico #57: A Interseção IA Agêntica x Clima e Transição Energética","1001.0","53.0","54.9","52.1","57.7","50.0","51.9","52.0","51.9"
"54","363","Conflito Sistêmico #64: A Interseção IA Agêntica x Clima e Transição Energética","1001.0","53.0","54.9","52.1","57.7","50.0","51.9","52.0","51.9"
"55","370","Conflito Sistêmico #71: A Interseção IA Agêntica x Clima e Transição Energética","1001.0","53.0","54.9","52.1","57.7","50.0","51.9","52.0","51.9"
"56","377","Conflito Sistêmico #78: A Interseção IA Agêntica x Clima e Transição Energética","1001.0","53.0","54.9","52.1","57.7","50.0","51.9","52.0","51.9"
"57","384","Conflito Sistêmico #85: A Interseção IA Agêntica x Clima e Transição Energética","1001.0","53.0","54.9","52.1","57.7","50.0","51.9","52.0","51.9"
"58","391","Conflito Sistêmico #92: A Interseção IA Agêntica x Clima e Transição Energética","1001.0","53.0","54.9","52.1","57.7","50.0","51.9","52.0","51.9"
"59","398","Conflito Sistêmico #99: A Interseção IA Agêntica x Clima e Transição Energética","1001.0","53.0","54.9","52.1","57.7","50.0","51.9","52.0","51.9"
"60","452","Fatiga Insuportável do Custo de Assinaturas (Subscription Fatigue)","1001.0","53.0","52.0","53.5","55.5","51.3","57.7","50.0","50.0"
"61","231","Miopia Governamental na Ausência de ROI Direto em IAs","1000.0","52.9","55.9","52.1","53.6","51.0","53.5","52.0","50.0"
"62","35","Escassez de profissionais de saúde e cuidado","999.0","52.9","52.0","51.5","54.1","56.0","51.2","54.0","51.9"
"63","169","Colapso Mental pela Carga de Risco do ""Empreendedor de Um""","999.0","52.9","56.1","53.2","51.8","50.0","51.9","52.0","53.1"
"64","326","Conflito Sistêmico #27: A Interseção Regulação Governamental x Solopreneurs/Gig Economy","998.0","52.8","54.9","52.1","57.7","50.0","51.9","52.0","50.0"
"65","329","Conflito Sistêmico #30: A Interseção Varejo e GLP-1 x Infraestrutura Física Urbana","998.0","52.8","54.9","52.1","57.7","50.0","51.9","52.0","50.0"
"66","333","Conflito Sistêmico #34: A Interseção Regulação Governamental x Solopreneurs/Gig Economy","998.0","52.8","54.9","52.1","57.7","50.0","51.9","52.0","50.0"
"67","336","Conflito Sistêmico #37: A Interseção Varejo e GLP-1 x Infraestrutura Física Urbana","998.0","52.8","54.9","52.1","57.7","50.0","51.9","52.0","50.0"
"68","340","Conflito Sistêmico #41: A Interseção Regulação Governamental x Solopreneurs/Gig Economy","998.0","52.8","54.9","52.1","57.7","50.0","51.9","52.0","50.0"
"69","343","Conflito Sistêmico #44: A Interseção Varejo e GLP-1 x Infraestrutura Física Urbana","998.0","52.8","54.9","52.1","57.7","50.0","51.9","52.0","50.0"
"70","347","Conflito Sistêmico #48: A Interseção Regulação Governamental x Solopreneurs/Gig Economy","998.0","52.8","54.9","52.1","57.7","50.0","51.9","52.0","50.0"
"71","350","Conflito Sistêmico #51: A Interseção Varejo e GLP-1 x Infraestrutura Física Urbana","998.0","52.8","54.9","52.1","57.7","50.0","51.9","52.0","50.0"
"72","354","Conflito Sistêmico #55: A Interseção Regulação Governamental x Solopreneurs/Gig Economy","998.0","52.8","54.9","52.1","57.7","50.0","51.9","52.0","50.0"
"73","357","Conflito Sistêmico #58: A Interseção Varejo e GLP-1 x Infraestrutura Física Urbana","998.0","52.8","54.9","52.1","57.7","50.0","51.9","52.0","50.0"
"74","361","Conflito Sistêmico #62: A Interseção Regulação Governamental x Solopreneurs/Gig Economy","998.0","52.8","54.9","52.1","57.7","50.0","51.9","52.0","50.0"
"75","364","Conflito Sistêmico #65: A Interseção Varejo e GLP-1 x Infraestrutura Física Urbana","998.0","52.8","54.9","52.1","57.7","50.0","51.9","52.0","50.0"
"76","368","Conflito Sistêmico #69: A Interseção Regulação Governamental x Solopreneurs/Gig Economy","998.0","52.8","54.9","52.1","57.7","50.0","51.9","52.0","50.0"
"77","371","Conflito Sistêmico #72: A Interseção Varejo e GLP-1 x Infraestrutura Física Urbana","998.0","52.8","54.9","52.1","57.7","50.0","51.9","52.0","50.0"
"78","375","Conflito Sistêmico #76: A Interseção Regulação Governamental x Solopreneurs/Gig Economy","998.0","52.8","54.9","52.1","57.7","50.0","51.9","52.0","50.0"
"79","378","Conflito Sistêmico #79: A Interseção Varejo e GLP-1 x Infraestrutura Física Urbana","998.0","52.8","54.9","52.1","57.7","50.0","51.9","52.0","50.0"
"80","382","Conflito Sistêmico #83: A Interseção Regulação Governamental x Solopreneurs/Gig Economy","998.0","52.8","54.9","52.1","57.7","50.0","51.9","52.0","50.0"
"81","385","Conflito Sistêmico #86: A Interseção Varejo e GLP-1 x Infraestrutura Física Urbana","998.0","52.8","54.9","52.1","57.7","50.0","51.9","52.0","50.0"
"82","389","Conflito Sistêmico #90: A Interseção Regulação Governamental x Solopreneurs/Gig Economy","998.0","52.8","54.9","52.1","57.7","50.0","51.9","52.0","50.0"
"83","392","Conflito Sistêmico #93: A Interseção Varejo e GLP-1 x Infraestrutura Física Urbana","998.0","52.8","54.9","52.1","57.7","50.0","51.9","52.0","50.0"
"84","396","Conflito Sistêmico #97: A Interseção Regulação Governamental x Solopreneurs/Gig Economy","998.0","52.8","54.9","52.1","57.7","50.0","51.9","52.0","50.0"
"85","399","Conflito Sistêmico #100: A Interseção Varejo e GLP-1 x Infraestrutura Física Urbana","998.0","52.8","54.9","52.1","57.7","50.0","51.9","52.0","50.0"
"86","220","Nomadismo Digital Destruindo Cidades Secundárias","997.0","52.8","52.2","56.8","55.5","50.0","50.0","54.0","50.0"
"87","282","Ameaça Mortal No Rompimento da Governança Exclusiva de IA Corporativa Nos Órgãos do Governo","997.0","52.8","54.1","53.5","51.8","54.0","51.2","52.0","50.0"
"88","170","Esvaziamento Econômico dos Centros Empresariais pela Adoção de Agentes","996.0","52.7","53.9","53.5","53.6","51.7","53.8","50.0","50.0"
"89","189","A Nova ""Taxação"" Privada Pelo Oligopólio dos Modelos Fundacionais","996.0","52.7","50.7","55.3","53.6","50.0","51.9","53.5","56.2"
"90","208","Viés Etarista Massivo nas IAs de Recrutamento Corporativo","996.0","52.7","50.7","60.6","53.6","50.0","51.9","52.0","46.9"
"91","290","A Evasão Silenciosa Das Profissões De Reparo Civil (""Tradesmen Burnout"")","996.0","52.7","50.7","55.6","55.5","51.0","53.8","52.0","50.0"
"92","65","Saturação de atenção e fadiga de telas","995.0","52.6","52.2","56.2","53.6","51.7","51.2","52.0","50.0"
"93","202","Diplomacia Hídrica e o Vácuo de Resolução de Bacias Transfronteiriças","995.0","52.6","51.7","52.6","53.6","53.3","50.0","56.0","52.5"
"94","482","Colapso Sistêmico da Mobilidade Baseada No Carro Privado e O Gargalo Do Transporte Público","995.0","52.6","54.1","55.0","53.6","50.0","50.0","52.0","52.5"
"95","6","Dependência de minerais críticos com alto impacto socioambiental","994.0","52.6","52.0","54.4","51.8","51.7","52.3","54.0","51.9"
"96","315","A Epidemia de Sub-Notificação do Burnout na Economia 'Pejotizada'","994.0","52.6","56.8","50.9","53.6","51.0","50.0","52.0","51.9"
"97","320","Conflito Sistêmico #21: A Interseção Economia Prateada x Friendshoring/Cadeias Glogais","994.0","52.6","54.9","52.1","57.7","50.0","51.9","52.0","47.5"
"98","327","Conflito Sistêmico #28: A Interseção Economia Prateada x Friendshoring/Cadeias Glogais","994.0","52.6","54.9","52.1","57.7","50.0","51.9","52.0","47.5"
"99","334","Conflito Sistêmico #35: A Interseção Economia Prateada x Friendshoring/Cadeias Glogais","994.0","52.6","54.9","52.1","57.7","50.0","51.9","52.0","47.5"
"100","341","Conflito Sistêmico #42: A Interseção Economia Prateada x Friendshoring/Cadeias Glogais","994.0","52.6","54.9","52.1","57.7","50.0","51.9","52.0","47.5"
"101","348","Conflito Sistêmico #49: A Interseção Economia Prateada x Friendshoring/Cadeias Glogais","994.0","52.6","54.9","52.1","57.7","50.0","51.9","52.0","47.5"
"102","355","Conflito Sistêmico #56: A Interseção Economia Prateada x Friendshoring/Cadeias Glogais","994.0","52.6","54.9","52.1","57.7","50.0","51.9","52.0","47.5"
"103","362","Conflito Sistêmico #63: A Interseção Economia Prateada x Friendshoring/Cadeias Glogais","994.0","52.6","54.9","52.1","57.7","50.0","51.9","52.0","47.5"
"104","369","Conflito Sistêmico #70: A Interseção Economia Prateada x Friendshoring/Cadeias Glogais","994.0","52.6","54.9","52.1","57.7","50.0","51.9","52.0","47.5"
"105","376","Conflito Sistêmico #77: A Interseção Economia Prateada x Friendshoring/Cadeias Glogais","994.0","52.6","54.9","52.1","57.7","50.0","51.9","52.0","47.5"
"106","383","Conflito Sistêmico #84: A Interseção Economia Prateada x Friendshoring/Cadeias Glogais","994.0","52.6","54.9","52.1","57.7","50.0","51.9","52.0","47.5"
"107","390","Conflito Sistêmico #91: A Interseção Economia Prateada x Friendshoring/Cadeias Glogais","994.0","52.6","54.9","52.1","57.7","50.0","51.9","52.0","47.5"
"108","397","Conflito Sistêmico #98: A Interseção Economia Prateada x Friendshoring/Cadeias Glogais","994.0","52.6","54.9","52.1","57.7","50.0","51.9","52.0","47.5"
"109","430","Falta Estrutural de Profissionais de Cuidados","994.0","52.6","52.0","50.9","57.7","53.7","51.2","52.0","51.9"
"110","434","Colapso Atuarial das Previdências em Mercados Letárgicos","994.0","52.6","55.4","56.8","51.8","50.0","50.0","50.0","50.0"
"111","75","Erosão da privacidade em ecossistemas de dados onipresentes","993.0","52.5","52.4","55.3","51.8","51.0","51.9","54.0","50.0"
"112","81","Dependência de ecossistemas fechados por parte de governos e empresas","993.0","52.5","52.4","54.4","51.8","51.3","53.1","52.0","51.9"
"113","159","Corridas Bancárias Engatilhadas por Desinformação Algorítmica (Deepfakes)","993.0","52.5","53.4","54.4","53.6","51.3","51.2","52.0","50.0"
"114","312","A Invasão das Câmeras 'Burras' no Varejo e o Assédio Moral Algorítmico","993.0","52.5","51.0","56.5","54.1","51.7","50.0","54.0","50.0"
"115","19","Tensão social em torno do custo da transição energética","992.0","52.5","53.4","51.5","53.6","50.0","55.0","52.0","51.9"
"116","30","Rede de cuidados insuficiente para uma sociedade que envelhece","992.0","52.5","50.7","52.4","51.8","55.0","51.2","54.0","53.8"
"117","219","O Custo Oculto da Terceirização da Saúde Mental Corporativa","992.0","52.5","54.9","51.8","53.6","50.0","53.1","52.0","50.6"
"118","294","A Exclusão Silenciosa Das Minorias Nos Testes Algorítmicos Dos Painéis Faciais Globais E Os Modelos Estritos Que Ditam Erros Perigosos na Saúde Das Câmeras Diagnósticas Da Rede Da Biometria Médica (Oximetria em Pele).","992.0","52.5","54.6","51.5","51.8","52.7","50.0","54.0","51.9"
"119","403","Custo Social Insustentável da Descarbonização","992.0","52.5","51.2","53.5","53.6","51.3","51.5","54.0","53.8"
"120","445","Micro-gerenciamento Algorítmico nas Empresas","992.0","52.5","53.4","54.1","53.6","52.0","51.9","50.0","50.0"
"121","56","Normalização do crédito para despesas básicas","991.0","52.4","53.4","51.5","54.1","52.3","53.1","50.0","51.9"
"122","95","Educação desatualizada para um mundo de IA e clima extremo","991.0","52.4","54.9","51.5","51.8","52.3","51.2","52.0","51.9"
"123","217","A Bolha Econômica da Inflação de Credenciais Educacionais","991.0","52.4","52.2","51.5","55.9","52.7","50.0","54.0","51.9"
"124","227","Falsificações Audiovisuais (Deepfakes) Destruindo o Sistema Probatorio Judicial","991.0","52.4","53.9","50.9","54.1","53.7","51.2","52.0","50.0"
"125","277","Estagnação Arquitetônica Global Nos Condomínios Residenciais Em Escala","991.0","52.4","52.2","53.5","53.6","52.7","53.5","50.0","50.0"
"126","493","O Insucesso do Retorno ao Estudo para Trabalhadores Pós-45 Anos (Reskilling)","991.0","52.4","50.0","57.6","53.6","51.7","51.2","52.0","50.0"
"127","494","O Colapso Da Governança Sistêmica Nos Modelos Multilaterais","991.0","52.4","54.1","52.1","55.9","50.0","51.2","51.5","51.9"
"128","495","Competição Sangrenta Entre Orçamento de Sobrevivência E A Longa Adaptação Climática","991.0","52.4","52.2","54.4","55.9","50.0","53.5","50.0","50.0"
"129","24","Desigualdade de acesso a tecnologias de adaptação no campo","990.0","52.4","53.2","52.4","51.8","54.0","51.2","51.0","51.9"
"130","125","A Crise do Guarda-Roupa Descartado Pós-Emagrecimento","990.0","52.4","54.1","54.7","53.6","50.0","50.0","52.0","50.0"
"131","129","Assimetria em Seguros Corporativos e o ""Outcomes-as-a-Service""","990.0","52.4","52.7","50.9","53.6","53.3","53.8","50.0","51.9"
"132","216","O Colapso do Onboarding de Cultura para Juniores","990.0","52.4","54.1","52.1","51.8","50.0","53.8","53.5","50.0"
"133","402","Risco Vital em Hospitais por Falhas de Energia","990.0","52.4","52.0","55.3","53.6","51.3","51.2","52.0","50.0"
"134","457","Transição Falha de Varejistas Tradicionais para Interface de IAs","990.0","52.4","52.4","50.0","51.8","51.0","55.8","54.0","53.1"
"135","460","A Lenta Adequação do Portfólio Alimentar ao Novo Perfil Metabólico","990.0","52.4","51.5","52.4","51.8","53.7","51.2","54.0","53.1"
"136","180","Crédito Punitivo Bloqueando Imigrantes e Profissionais Livres","989.0","52.3","52.0","54.4","51.8","51.3","50.0","52.0","55.6"
"137","228","E-Waste Massivo Derivado do Fim dos Dispositivos sem IA Integrada","989.0","52.3","51.2","55.3","54.1","50.0","50.0","53.5","53.1"
"138","236","O Vácuo Biológico do Fim da Disponibilidade de Primatas para Testes","989.0","52.3","51.7","53.5","55.5","51.7","50.0","54.0","50.0"
"139","283","Sobrecarga Punitiva Tributária e Logística da ""Devolução Friccional"" do Social Commerce D2C","989.0","52.3","53.7","52.9","53.6","50.0","50.0","52.0","54.4"
"140","400","Colapso de Redes Elétricas por Estresse Climático","989.0","52.3","54.1","50.9","51.8","52.7","51.2","52.0","53.1"
"141","415","Isolamento Industrial de Países Intermediários","989.0","52.3","52.2","54.1","54.1","51.3","51.5","52.0","50.0"
"142","163","A Obsolescência Silenciosa do Software Legado Empresarial (""Boring Tech"")","988.0","52.3","52.4","55.0","51.8","51.0","51.9","52.0","50.0"
"143","198","Crise Sistêmica de Propósito Pessoal Face à Ultra-Abundância Sintética","988.0","52.3","52.2","51.5","57.7","51.3","50.0","54.0","50.0"
"144","291","Riscos Iminentes Da Obscuridade Dos Contratos Médicos B2C e Procedimentos Sem Repasses Reais Burocráticos Extensos","988.0","52.3","54.9","50.9","54.1","51.3","50.0","52.0","51.9"
"145","496","A Balcanização Profunda Dos Protocolos Da Internet Em Blocos Hostis","988.0","52.3","52.9","50.9","55.9","50.0","51.9","50.0","56.2"
"146","9","Conflitos entre mineração e segurança hídrica regional","987.0","52.2","56.1","52.4","50.0","50.0","51.2","50.0","53.8"
"147","287","Redundância Desgastante Nas Cargas Fiscais De Emissões Diretas De Gases Fósseis","987.0","52.2","52.9","50.9","54.1","53.0","50.0","52.0","53.1"
"148","297","Fadiga de Adaptação Tecnológica na Média Gestão Industrial (Change Management Paralysis)","987.0","52.2","52.0","54.1","51.8","52.3","51.9","52.0","50.0"
"149","323","Biopirataria Algorítmica da Fauna Sul-Americana pelas Big Pharmas","987.0","52.2","51.5","53.5","53.6","53.0","51.2","52.0","50.0"
"150","39","Desalinhamento entre formação profissional e lacunas reais","986.0","52.2","54.4","51.5","50.0","51.0","50.0","52.0","56.9"
"151","137","Apocalipse dos Shoppings Centers Tradicionais (Malls)","986.0","52.2","50.0","57.6","53.6","51.0","50.0","52.0","50.0"
"152","162","A Fricção Regulatória das Stablecoins no Gig Economy Global","986.0","52.2","51.7","55.0","55.5","50.0","51.9","50.0","50.0"
"153","204","Escassez Crítica de Embarcações para Energia Eólica Offshore","986.0","52.2","53.2","53.2","55.9","50.0","50.0","52.0","50.0"
"154","257","Fraude Sistemática e Encolhimento do ""Greenwashing"" das Startups","986.0","52.2","52.0","53.2","54.1","51.3","51.9","52.0","50.0"
"155","267","A Falsa Personalização dos Modelos D2C Corporativos no Setor Capilar","986.0","52.2","52.2","51.5","51.8","50.0","53.8","50.0","58.1"
"156","286","Fuga Global Em Investimentos Culturais Analógicos Pós-Geração Gen-Z","986.0","52.2","51.0","55.3","53.6","50.0","51.5","52.0","51.9"
"157","299","A Bolha do Burnout Cognitivo Gerado Pela Curadoria de Vida Permanente dos Avatares nas Redes De Contatos Sócio Profissionais Modernas de Engajamento Forçado Constante.","986.0","52.2","53.4","54.1","51.8","51.0","50.0","54.0","48.8"
"158","438","Conflito Hierárquico: Gestão Boomer vs Geração Z","986.0","52.2","52.0","53.2","53.6","51.0","51.9","50.0","53.8"
"159","87","Despreparo de pequenas organizações para segurança digital","985.0","52.1","51.7","52.6","51.8","52.3","53.5","52.0","50.0"
"160","226","Risco Extremo na Nuvemização de Dados Genômicos","985.0","52.1","55.1","50.0","51.8","51.0","51.9","52.0","51.9"
"161","240","A Quebra de Franquias Físicas pela Falta de Gerentes Dispostos a Aguentar Pressão","985.0","52.1","51.0","54.4","53.6","51.3","50.0","52.0","53.1"
"162","272","Dificuldades Físicas Na Rejeição Do Veículo De Segunda-Mão","985.0","52.1","53.4","52.9","53.6","51.3","50.0","52.0","50.0"
"163","3","Indústrias intensivas em água sob risco de colapso reputacional","984.0","52.1","57.1","50.9","50.0","51.0","50.0","50.0","52.5"
"164","199","O Oligopólio dos Modelos Opacos nas Licenças B2B de Software (Wrapper Obsolescence)","984.0","52.1","52.0","54.4","53.6","50.0","55.0","50.0","46.9"
"165","298","Incapacidade Sistemática de Reparação e Reciclagem das Pás Eólicas da Primeira e Segunda Geração Descartadas Longe das Capitais Produtivas Atuais do Novo Bloco Tecnológico Global de Friendshoring Limpo.","984.0","52.1","52.2","52.1","55.9","51.0","51.2","50.0","52.5"
"166","314","Gargalo do Aço Verde e a Morte das Siderúrgicas Legadas Emergentes","984.0","52.1","52.0","55.3","55.9","50.0","50.0","50.0","50.0"
"167","425","Ineficiência do Crédito Baseado no Clima Passado","984.0","52.1","52.0","55.9","51.8","50.0","50.0","52.0","51.9"
"168","16","Risco crescente de blecautes em redes elétricas antigas","983.0","52.0","54.1","51.5","52.3","50.0","51.5","52.0","51.9"
"169","63","Dependência de monitoramento constante via wearables","983.0","52.0","53.9","50.0","52.3","52.0","50.0","52.0","54.4"
"170","251","Distorção Visual Persistente pela Arquitetura de Câmera de Selfies","983.0","52.0","52.0","54.1","54.1","52.3","50.0","50.0","50.0"
"171","313","Isolamento Financeiro de Idosos em Transição Pura de PIX","983.0","52.0","53.2","51.5","55.5","51.0","51.9","50.0","50.0"
"172","325","Ruptura da Solidariedade de Vizinhança Frente aos Apps de Micro-Serviços","983.0","52.0","51.0","52.9","55.9","51.3","51.9","52.0","48.8"
"173","443","A Armadilha da Precariedade na Gig Economy","983.0","52.0","52.0","52.1","53.6","51.3","50.0","52.0","54.4"
"174","490","O Novo Apartheid Da Ausência de Letramento E Orquestração de IAs","983.0","52.0","52.2","53.8","53.6","50.0","50.0","50.0","55.0"
"175","492","A Desconexão Total Entre Academia e o Ecossistema Da ""Empresa De Um Solo-Founder""","983.0","52.0","51.7","52.9","51.8","50.0","51.9","52.0","55.0"
"176","7","Licenciamento mineral lento e conflituoso","982.0","52.0","54.9","51.2","50.0","52.7","52.3","50.0","49.4"
"177","38","Rotatividade elevada em setores essenciais","982.0","52.0","55.4","50.0","51.8","51.3","50.0","52.0","51.9"
"178","59","Estigmatização do fracasso financeiro","982.0","52.0","56.8","50.0","50.0","52.0","50.0","50.0","51.9"
"179","80","Concentração de poder em poucas plataformas de IA","982.0","52.0","52.4","52.1","51.8","51.0","51.9","54.0","50.0"
"180","88","Fadiga regulatória em privacidade e segurança","982.0","52.0","52.7","50.0","56.8","51.0","51.5","52.0","50.0"
"181","190","Erosão da Antifragilidade Infantil Sob a Cultura do Super-Monitoramento","982.0","52.0","53.2","51.8","53.6","50.0","50.0","53.0","52.5"
"182","473","Treinamento Predatório Pressionando Direitos Autorais e Privacidade","982.0","52.0","51.7","50.0","54.1","52.0","50.0","60.0","46.9"
"183","32","Subaproveitamento da economia prateada como motor de inovação","981.0","51.9","50.7","52.9","53.6","52.3","51.9","50.0","51.9"
"184","45","Tensões em fronteiras devido a fluxos migratórios climáticos","981.0","51.9","54.4","51.2","51.8","51.3","51.2","50.0","51.9"
"185","57","Assimetria de informação entre fintechs e consumidores","981.0","51.9","54.9","51.2","50.0","51.0","51.9","52.0","50.0"
"186","71","Desconfiança em avaliações e conteúdos sintetizados por IA","981.0","51.9","52.4","51.5","51.8","54.7","51.2","50.0","50.0"
"187","77","Risco de profiling discriminatório em crédito, saúde e justiça","981.0","51.9","52.7","50.9","50.0","52.3","50.0","54.0","54.4"
"188","197","Ruptura Total na Transferência de Sabedoria Intergeracional Corporativa","981.0","51.9","51.0","55.6","53.6","50.0","50.0","53.5","48.8"
"189","239","O ""Tech-Neck"" e A Epidemia de Dor Cervical Gen Z","981.0","51.9","52.2","53.2","53.6","50.0","51.9","50.0","51.9"
"190","316","Canibalismo Imobiliário entre Nômades Digitais Globais e a Base Trabalhadora Turística","981.0","51.9","52.0","53.8","51.8","50.0","50.0","54.0","51.9"
"191","410","Ruptura de PMEs por Políticas de Friendshoring","981.0","51.9","52.0","52.9","53.6","50.0","51.9","52.0","50.6"
"192","420","Colapso do Modelo Atual de Seguro Rural","981.0","51.9","54.4","50.9","51.8","52.3","50.0","52.0","50.0"
"193","453","Colapso da Confiança em Reviews e Depoimentos na Era Sintética","981.0","51.9","53.2","52.1","51.8","50.0","51.9","52.0","51.9"
"194","456","A Morte do Processo de Descoberta por Causa da Curadoria de IA","981.0","51.9","52.7","54.1","51.8","51.0","50.0","52.0","50.0"
"195","206","A Morte do Design de Embalagens Voltado para as Mãos Artríticas","980.0","51.9","52.7","50.0","51.8","54.0","50.0","50.0","55.0"
"196","318","A Ruptura do Conhecimento da Medicina Tropical em Face aos LLMs Globais","980.0","51.9","51.5","52.1","54.1","52.0","50.0","52.0","51.9"
"197","405","Estrangulamento Hidrológico da Matriz Energética","980.0","51.9","52.2","52.9","53.6","50.0","50.0","54.0","50.0"
"198","458","Captura Agressiva da Atenção da Geração Alpha","980.0","51.9","50.7","54.4","53.6","50.0","51.9","52.0","50.0"
"199","468","Inexistência de Soluções Acessíveis de ""Detox Analógico""","980.0","51.9","52.0","50.9","53.6","51.0","51.9","54.0","50.0"
"200","470","Vácuo Legislativo Frente ao Perigo dos Agentes Autônomos de IA","980.0","51.9","52.0","50.9","53.6","50.0","51.5","52.0","55.0"
"201","484","Tensão e Sobrecarga Nas Cidades Receptivas de Migrantes Climáticos Internos","980.0","51.9","52.0","52.9","54.1","50.0","50.0","54.0","50.0"
"202","13","Vulnerabilidade de pequenas e médias empresas à mudança de fornecedor","979.0","51.8","54.9","50.0","51.8","50.0","53.8","52.0","47.5"
"203","73","Perda de repertório cultural compartilhado","979.0","51.8","51.2","52.9","50.0","51.7","51.2","54.0","51.9"
"204","106","Vieses Ocultos na Pontuação de Crédito Agêntica","979.0","51.8","50.7","52.4","53.6","51.0","51.9","52.0","51.9"
"205","146","O Deserto Médico das Populações Rurais Envelhecidas","979.0","51.8","50.7","54.1","51.8","51.7","53.1","52.0","47.5"
"206","149","Crise Aguda de Luto Idoso pela Morte de Pets Companheiros","979.0","51.8","52.0","51.2","53.6","50.0","50.0","52.0","56.2"
"207","165","Riscos Incalculáveis do Procurement Totalmente Autônomo","979.0","51.8","51.7","50.3","51.8","51.3","51.9","50.0","58.1"
"208","224","Custo Proibitivo de Inferência para Aplicações Autônomas de Longa Duração","979.0","51.8","52.4","50.9","55.9","51.3","50.0","50.0","52.5"
"209","261","Descolamento e Inflação de Insumos da Indústria Global de Celulose e Papelão","979.0","51.8","52.9","52.9","55.5","50.0","50.0","50.0","50.0"
"210","467","Explosão de Doenças Psicossomáticas por Isolamento Comunitário","979.0","51.8","53.2","51.5","55.9","50.0","50.0","50.0","51.9"
"211","475","Vulnerabilidade Crítica de Startups Baseadas Apenas em Funcionalidade de IA","979.0","51.8","52.2","53.2","51.8","51.0","51.9","53.5","46.9"
"212","20","Subinvestimento em soluções descentralizadas de energia","978.0","51.7","51.0","50.0","52.3","53.0","52.7","54.0","50.0"
"213","50","Crise de habitação acessível em grandes cidades","978.0","51.7","53.2","50.0","53.6","54.3","51.2","50.0","47.5"
"214","64","Fragmentação do sistema de saúde entre quem pode pagar e quem não pode","978.0","51.7","50.7","51.8","50.0","51.3","51.9","53.5","55.0"
"215","173","Poluição Interna Extrema (Indoor Air Quality) nos Novos Climas","978.0","51.7","51.0","50.9","51.8","50.0","51.2","52.0","59.4"
"216","184","Asfixia do Investimento em Deep-Tech Face ao ""Custo Zero"" do Software","978.0","51.7","52.0","53.8","53.6","50.0","53.5","50.0","46.9"
"217","192","Atrofia Epidêmica de Habilidades Motoras e Expressão Caligráfica","978.0","51.7","53.4","52.1","53.6","51.3","50.0","50.0","50.0"
"218","244","Absoluta Inadequação do Sistema Histórico de Medidas (P/M/G) do Varejo","978.0","51.7","50.0","56.2","51.8","51.7","51.2","50.0","50.0"
"219","255","Descarte Tóxico de Hardware IoT Doméstico Imediato","978.0","51.7","53.2","49.4","54.1","53.3","51.2","50.0","50.0"
"220","258","Saturação de Soluções Focadas Apenas em Engajamento","978.0","51.7","51.7","54.4","51.8","51.0","51.9","50.0","49.4"
"221","435","Epidemia de Solidão e Morte por Isolamento na Terceira Idade","978.0","51.7","51.0","53.8","51.8","50.0","50.0","56.0","50.0"
"222","436","Síndrome de Burnout na Geração Sanduíche","978.0","51.7","52.7","52.4","51.8","50.0","53.8","50.0","50.0"
"223","441","Fadiga de Ferramentas e Burnout do Modelo Híbrido","978.0","51.7","52.2","53.2","51.8","50.0","50.0","52.0","53.1"
"224","465","Fuga em Massa de Profissionais de Saúde para o Setor ""Premium""","978.0","51.7","52.4","54.7","51.8","50.0","50.0","50.0","51.9"
"225","70","Movimento anti-algoritmo e busca por curadoria humana","977.0","51.7","50.7","52.1","50.0","53.7","51.2","54.0","50.0"
"226","74","Valorização de experiências analógicas e locais como refúgio","977.0","51.7","50.0","54.7","55.9","51.0","50.0","50.0","50.0"
"227","108","Lobby Automatizado e Astroturfing Algorítmico","977.0","51.7","51.2","53.2","53.6","50.0","50.0","54.0","50.0"
"228","116","Estresse Térmico Pecuário e Quebra de Rendimento","977.0","51.7","52.2","52.9","54.1","50.0","50.0","50.0","52.5"
"229","130","Ameaça de Plataformas D2C Asiáticas ao Varejo Local","977.0","51.7","50.7","52.1","56.4","50.0","50.0","52.0","52.5"
"230","303","O Abismo Genômico do SUS e a Privatização da Sobrevivência","977.0","51.7","52.9","52.1","54.1","50.0","50.0","52.0","50.0"
"231","421","Insolvência Sistêmica de Resseguradoras Climáticas","977.0","51.7","53.2","53.5","51.8","50.0","50.0","50.0","51.9"
"232","432","Subutilização da Força de Trabalho Prateada","977.0","51.7","51.7","53.5","51.8","50.0","51.9","52.0","50.0"
"233","454","Fuga em Massa para Marcas Próprias e Commodities","977.0","51.7","52.2","54.4","53.6","50.0","50.0","52.0","47.5"
"234","33","Pressão sobre previdência em mercados com baixa produtividade","976.0","51.6","52.0","54.4","53.6","50.0","50.0","50.0","50.0"
"235","69","Dificuldade de construir vínculos profundos em ecossistemas digitais","976.0","51.6","50.0","54.4","50.0","51.7","51.2","54.0","50.0"
"236","103","Alucinação Algorítmica e Responsabilidade B2B","976.0","51.6","52.7","51.8","51.8","50.0","53.8","50.0","50.0"
"237","181","A Sangria das Altas Taxas Remessas Transfronteiriças","976.0","51.6","52.0","54.1","51.8","50.0","51.9","50.0","50.0"
"238","188","A Irracionalidade na Precificação de Bases de Dados Proprietárias (Data Moats)","976.0","51.6","52.4","49.4","51.8","52.0","53.8","54.0","46.9"
"239","245","A ""Gentrificação"" Esgotante da Espiritualidade e Retiros Imersivos","976.0","51.6","50.0","52.9","54.1","51.0","51.9","52.0","50.0"
"240","247","Defasagem Brutal dos Índices Oficiais Perante a Verdadeira Dor Inflacionária","976.0","51.6","52.7","52.6","53.6","51.0","50.0","50.0","50.0"
"241","269","Dependência Vital de Proteínas Base de Soja Para Alimentar Animais","976.0","51.6","52.2","53.5","51.8","50.0","52.3","50.0","50.0"
"242","278","Fuga Global Das Mídias Tradicionais Face À Extrema Negatividade Algorítmica","976.0","51.6","50.0","52.1","51.8","51.7","53.1","56.0","46.9"
"243","295","Choques Abruptos No Abastecimento Alimentar Das Regiões Costeiras Dependentes Do Desembarque Portuário Diário Único","976.0","51.6","52.2","52.6","51.8","50.0","50.0","50.0","55.6"
"244","322","Desvio e Escassez da Mão de Obra do Cuidado Diante do E-commerce","976.0","51.6","51.7","51.5","51.8","51.0","50.0","54.0","52.5"
"245","407","Gargalo no Licenciamento Ambiental de Linhas de Transmissão","976.0","51.6","51.0","52.4","51.8","51.7","51.2","52.0","51.9"
"246","424","Desconfiança Crônica em Seguros Paramétricos","976.0","51.6","53.9","50.0","51.8","52.7","51.2","50.0","50.0"
"247","449","Epidemia Oculta de Superendividamento Cotidiano Via BNPL","976.0","51.6","51.2","54.1","55.5","50.0","50.0","50.0","50.0"
"248","485","O Limbo Jurídico E Estrutural Do Imigrante Ambiental Transnacional","976.0","51.6","50.0","52.6","51.8","50.0","50.0","54.0","56.2"
"249","55","Epidemia de endividamento via parcelamento e BNPL","975.0","51.6","51.0","52.6","54.1","50.0","50.0","54.0","50.0"
"250","72","Bolhas culturais reforçadas por algoritmos de recomendação","975.0","51.6","50.0","54.1","50.0","51.3","50.0","52.0","55.0"
"251","157","Destruição Ambiental Prematura pela Corrida da Mineração de Fundo de Mar","975.0","51.6","52.0","51.8","54.1","50.0","50.0","52.0","51.9"
"252","209","O Abismo de Crédito para o Empreendedorismo de Maturidade (Silver Startups)","975.0","51.6","52.7","51.8","51.8","50.0","51.9","52.0","50.0"
"253","259","Silos Burocráticos de Proteção na Transferência Internacional de Talentos","975.0","51.6","51.7","51.2","51.8","51.7","51.2","52.0","51.9"
"254","274","Fadiga do Formato Híbrido Causando Retorno Obrigatório Punitivo (RTO)","975.0","51.6","50.7","50.9","54.1","51.0","51.9","52.0","51.9"
"255","472","Ameaça Existencial de Crimes Agênticos Escalados","975.0","51.6","51.2","52.1","53.6","50.0","50.0","53.5","51.9"
"256","18","Exposição de hospitais e serviços críticos a falhas de energia","974.0","51.5","52.9","50.9","50.0","51.3","51.2","52.0","51.9"
"257","34","Isolamento social de idosos em ambientes digitalizados","974.0","51.5","52.2","52.6","51.8","51.3","50.0","50.0","51.9"
"258","51","Expansão de assentamentos informais em áreas de risco","974.0","51.5","54.4","52.4","50.0","50.0","51.2","50.0","50.0"
"259","66","Crise de sono em populações hiperconectadas","974.0","51.5","54.1","50.0","54.1","50.0","50.0","50.0","51.9"
"260","83","Risco de captura regulatória por grandes players de tecnologia","974.0","51.5","52.7","50.9","54.5","50.0","51.9","50.0","50.0"
"261","164","O Caos do Licenciamento e Compliance para o Solopreneur Global","974.0","51.5","52.9","53.8","54.1","50.0","50.0","50.0","46.9"
"262","215","Desgaste Crônico pela Comunicação Assíncrona Total","974.0","51.5","52.4","52.6","51.8","52.0","50.0","50.0","50.0"
"263","222","Litígio Trabalhista em Propriedade Intelectual Híbrida (IA + Freelancer)","974.0","51.5","52.0","52.6","53.6","50.0","50.0","50.0","52.5"
"264","306","Colapso da Mobilidade de Massa por Extremos Climáticos Tropicais","974.0","51.5","52.2","53.5","51.8","51.3","50.0","50.0","50.0"
"265","447","A Crise da Média Gestão por Rejeição Gerencial","974.0","51.5","52.9","50.0","53.6","51.3","51.9","50.0","50.0"
"266","450","A Bifurcação Violenta do Varejo e o Fim do Meio Termo","974.0","51.5","50.0","53.5","53.6","50.0","51.9","52.0","50.0"
"267","469","Concentração Despotica de Poder nas Infraestruturas de LLMs","974.0","51.5","50.0","52.1","53.6","51.0","51.5","53.5","50.0"
"268","76","Vigilância algorítmica no trabalho","973.0","51.5","52.0","53.5","50.0","50.0","51.9","50.0","51.9"
"269","102","Rastreabilidade de Propriedade Intelectual na Era Generativa","973.0","51.5","50.7","50.0","56.4","52.3","50.0","52.0","50.0"
"270","113","Gargalo Geopolítico na Cadeia de Fertilizantes","973.0","51.5","52.0","52.9","53.6","51.0","51.2","50.0","47.5"
"271","120","Sarcopenia (Perda Muscular) pela Economia do GLP-1","973.0","51.5","52.2","53.2","53.6","50.0","50.0","50.0","50.0"
"272","147","Abandono Pós-Cirúrgico no Atendimento Domiciliar Senior","973.0","51.5","52.0","53.5","51.8","50.0","50.0","52.0","50.0"
"273","248","Sufocamento Burocrático de Spin-offs e IPOs da Pesquisa Acadêmica Base","973.0","51.5","51.7","51.2","51.8","51.0","51.9","50.0","53.1"
"274","256","Atrofia do Raciocínio Espacial pela Navegação GPS Automática","973.0","51.5","50.0","54.7","51.8","50.0","50.0","54.0","50.0"
"275","276","Queda Histórica Do Desenvolvimento De ""Fix-It-Yourself"" Na Juventude (Desuso Manual)","973.0","51.5","51.2","50.9","51.8","54.3","51.2","50.0","50.0"
"276","284","Dificuldades Brutais do Planejamento Econômico Do Fim De Vida (Death Techs) Frente as Barreiras Sociais Tabus","973.0","51.5","55.1","50.0","51.8","50.0","50.0","50.0","51.9"
"277","300","Vulnerabilidade Térmica dos Polos Industriais Tropicais (Zona Franca/LatAm)","973.0","51.5","52.2","51.5","55.9","50.0","50.0","50.0","50.6"
"278","444","Desconexão entre Cursos de Upskilling e a Demanda Real","973.0","51.5","53.2","52.1","51.8","50.0","50.0","52.0","50.0"
"279","48","Instrumentalização política da migração","972.0","51.4","52.0","50.0","50.0","52.3","50.0","56.0","50.0"
"280","101","Poluição de Dados e o Colapso de Modelos de IA","972.0","51.4","52.9","50.0","51.8","51.0","50.0","54.0","50.0"
"281","121","O Fim da Academia Tradicional Focada em ""Projeto Verão""","972.0","51.4","51.0","50.0","51.8","53.0","51.2","52.0","51.9"
"282","145","O Pesadelo Legal da Sucessão de Ativos Digitais","972.0","51.4","51.0","52.1","51.8","51.3","50.0","52.0","52.5"
"283","172","Ruptura das Operações Logísticas de Limpeza Urbana","972.0","51.4","52.2","51.2","51.8","51.3","51.2","52.0","49.4"
"284","182","Falta de Liquidez e Paralisia nos Fundos Verdes de Infraestrutura","972.0","51.4","52.4","51.5","51.8","50.0","51.9","50.0","51.9"
"285","186","Captura Abusiva dos Ativos da Longevidade (Elder Financial Abuse)","972.0","51.4","51.2","52.6","51.8","50.0","50.0","52.0","53.1"
"286","264","Fadiga do Extrativismo de Baterias e a Crise do Lítio","972.0","51.4","53.2","49.4","57.3","50.0","50.0","50.0","50.0"
"287","423","Quebras Multicontinentais Ameaçando a Segurança Alimentar","972.0","51.4","52.0","52.1","51.8","50.0","50.0","50.0","55.0"
"288","471","A ""Soberania de GPU"" aprofundando o Subdesenvolvimento do Sul Global","972.0","51.4","50.0","54.1","53.6","50.0","51.9","50.0","50.0"
"289","62","Pressão estética e saúde mental ligada ao novo padrão corpo-medicado","971.0","51.4","51.0","50.0","54.5","50.0","50.0","52.0","55.0"
"290","78","Mercantilização extrema de dados sensíveis","971.0","51.4","52.7","50.0","50.0","51.0","51.9","52.0","51.9"
"291","93","Concorrência entre agendas climática e de desenvolvimento imediato","971.0","51.4","52.0","50.0","50.0","51.0","56.5","50.0","48.8"
"292","115","Diluição Nutricional Causada por Excesso de CO2","971.0","51.4","51.0","52.1","51.8","52.7","51.2","50.0","50.0"
"293","140","Falta de Linhas de Base no Declínio Cognitivo Idoso","971.0","51.4","53.9","50.0","51.8","52.0","50.0","50.0","50.0"
"294","142","Desnutrição Silenciosa por Perda Sensorial na Maturidade","971.0","51.4","53.7","50.0","53.6","50.0","50.0","51.5","50.0"
"295","223","Envenenamento Ativo de Dados como Protesto Artístico","971.0","51.4","50.7","50.9","51.8","51.0","51.9","54.0","50.0"
"296","242","Os ""Padrões Sombrios"" e A Fricção Prisional dos Cancelamentos Digitais","971.0","51.4","52.0","51.8","51.8","50.0","53.1","50.0","50.0"
"297","252","Dependência Sistêmica da Importação de Fósforo Agrícola","971.0","51.4","52.2","52.6","51.8","50.0","50.0","52.0","50.0"
"298","270","Custo de Refrigeração Logística Oculto Em Produtos Alimentícios Diferenciados","971.0","51.4","51.2","51.8","53.6","51.3","51.2","50.0","50.0"
"299","302","Sufocamento Hídrico do Agronegócio no Cerrado e a Economia Prateada","971.0","51.4","52.0","50.0","53.6","51.0","50.0","52.0","51.9"
"300","404","Subutilização Crônica da Geração Descentralizada","971.0","51.4","51.0","50.0","54.5","51.3","50.0","52.0","52.5"
"301","431","Inadequação Crítica do Estoque Habitacional Urbano","971.0","51.4","50.0","54.1","51.8","51.7","50.0","50.0","51.9"
"302","442","Deserção em Massa nas Profissões de Infraestrutura Social","971.0","51.4","52.7","52.6","51.8","51.3","50.0","50.0","48.8"
"303","14","Descompasso entre incentivos verdes e realocação produtiva","970.0","51.3","52.0","51.5","55.5","50.0","50.0","50.0","50.0"
"304","21","Perdas agrícolas crescentes por extremos climáticos","970.0","51.3","52.4","52.1","52.3","50.0","51.2","50.0","50.0"
"305","26","Risco de insolvência de seguradoras em eventos extremos","970.0","51.3","52.9","51.5","50.0","50.0","50.0","50.0","55.0"
"306","85","Vulnerabilidade cibernética de infraestruturas críticas","970.0","51.3","50.0","53.8","51.8","50.0","50.0","54.0","50.0"
"307","104","Perda de Conhecimento Tácito na Transição Demográfica","970.0","51.3","52.4","52.1","53.6","50.0","50.0","50.0","50.0"
"308","132","Gamificação do Vício Financeiro na Geração Z","970.0","51.3","52.2","51.5","51.8","50.0","50.0","52.0","51.9"
"309","138","Bolha Inflacionária da Humanização de Pets","970.0","51.3","52.4","50.0","55.5","50.0","50.0","50.0","51.9"
"310","158","O Apagão de Mão de Obra na Manufatura de Defesa e Indústria Pesada","970.0","51.3","52.4","52.4","51.8","50.0","51.2","50.0","50.0"
"311","166","Perda da Colisão Criativa no Trabalho Híbrido Assíncrono","970.0","51.3","51.2","53.5","53.6","50.0","51.9","50.0","46.9"
"312","171","Sufocamento Global na Emissão de Gases pelo Uso Contínuo de Concreto","970.0","51.3","51.2","52.1","55.9","50.0","50.0","50.0","50.0"
"313","185","Distorção Predatória nas Agências de Rating ESG","970.0","51.3","52.0","51.5","51.8","50.0","51.9","50.0","51.9"
"314","309","Colapso da Matriz Hidrelétrica Dependente Frente às Ondas de Calor Simultâneas","970.0","51.3","52.2","52.4","51.8","50.0","50.0","52.0","50.0"
"315","451","Exaustão Social perante a Homogeneização Algorítmica","970.0","51.3","50.0","54.1","51.8","50.0","50.0","52.0","51.9"
"316","461","Pressão Estética Devastadora e o ""Corpo Medicado""","970.0","51.3","52.0","51.5","51.8","50.0","51.5","52.0","50.0"
"317","28","Assimetria de informação sobre risco climático em comunidades","969.0","51.3","52.2","49.4","50.0","52.7","51.2","53.0","50.0"
"318","107","Padrões Sombrios em Aplicativos de Companhia por IA","969.0","51.3","50.7","53.2","51.8","51.0","51.2","50.0","50.0"
"319","187","Fricção na Monetização de Microsserviços e Infernências Autônomas","969.0","51.3","50.0","50.0","53.6","52.3","51.9","52.0","50.0"
"320","194","Substituição Terminal do Romance Humano pela Relacionalidade Parassocial","969.0","51.3","50.0","53.8","51.8","50.0","50.0","52.0","51.9"
"321","207","A Caixa Preta Financeira e Familiar do Divórcio Prateado (Grey Divorce)","969.0","51.3","50.7","50.9","51.8","51.0","50.0","52.0","54.4"
"322","210","A Saturação e Despadronização das Instituições de Longa Permanência","969.0","51.3","51.2","52.1","53.6","50.0","50.0","52.0","50.0"
"323","305","A Ruptura do Modelo 'Motoboy' Diante da Economia Prateada e Acessibilidade","969.0","51.3","52.0","52.4","53.6","50.0","51.9","50.0","46.9"
"324","40","Choque de valores entre Geração Z e modelos de gestão tradicionais","968.0","51.2","51.7","51.5","50.0","51.0","51.9","50.0","51.9"
"325","43","Precarização disfarçada sob a bandeira da flexibilidade","968.0","51.2","52.2","50.0","53.6","50.0","50.0","50.0","53.8"
"326","79","Dificuldade de cidadãos exercerem seus direitos de dados","968.0","51.2","52.7","50.0","52.3","51.0","50.0","52.0","50.0"
"327","90","Insuficiência de governança global para crises de escassez","968.0","51.2","51.0","52.6","51.8","51.3","50.0","50.0","51.2"
"328","151","Droneificação Assimétrica do Crime e Conflitos Urbanos","968.0","51.2","51.7","50.0","51.8","51.0","51.9","52.0","50.0"
"329","161","Multiplicação Insana de ""Tarefas Fantasmas"" nas Corporações","968.0","51.2","51.2","50.9","51.8","52.3","50.0","52.0","50.0"
"330","179","Destruição do Asfalto pelas Frotas Elétricas Pesadas","968.0","51.2","52.0","50.9","54.1","50.0","50.0","51.5","50.0"
"331","233","Desequilíbrio Hormonal e Quebras de Período Fértil Devido à Perda de Peso Radicais","968.0","51.2","52.2","51.5","54.1","50.0","50.0","50.0","50.0"
"332","249","Fadiga Brutal da Empatia Decorrente do Ciclo de Notícias Hiper-Conectadas","968.0","51.2","51.0","52.1","51.8","50.0","50.0","50.0","55.0"
"333","440","Ansiedade de Obsolescência Frente à IA Agêntica","968.0","51.2","51.2","52.6","54.1","50.0","50.0","50.0","50.0"
"334","58","Ausência de redes formais de proteção em crises de dívida","967.0","51.2","52.9","50.0","51.8","50.0","50.0","53.0","50.0"
"335","156","Risco de Hackeamento Físico do Suprimento Municipal de Água","967.0","51.2","52.2","50.3","51.8","51.3","50.0","52.0","50.0"
"336","176","Perda Incalculável por Vazamentos Subterrâneos em Redes Urbanas","967.0","51.2","52.4","50.0","53.6","50.0","50.0","52.0","50.0"
"337","229","Exaustão Trauma Secundário em Treinadores Humanos de Modelos de IA","967.0","51.2","52.7","52.1","51.8","50.0","50.0","50.0","50.0"
"338","234","Patologização do Luto e Emoções Humanas Naturais","967.0","51.2","52.9","50.0","51.8","50.0","51.2","50.0","51.9"
"339","271","Subdesenvolvimento e Inanição Da Estrutura Periférica Universitaria","967.0","51.2","50.7","51.5","51.8","51.7","51.9","50.0","50.0"
"340","285","Descolamento da Validação Científica dos Painéis Biométricos","967.0","51.2","50.7","50.9","51.8","53.0","50.0","50.0","51.9"
"341","428","Dependência Tóxica de Subsídios Estatais na Agricultura","967.0","51.2","51.0","50.0","51.8","51.3","50.0","52.0","53.8"
"342","433","Exclusão Digital e Isolamento Bancário do Idoso","967.0","51.2","52.2","52.9","53.6","50.0","50.0","50.0","46.9"
"343","459","Segregação no Acesso a Protocolos Avançados de Longevidade","967.0","51.2","51.0","51.8","51.8","51.7","50.0","50.0","51.9"
"344","4","Segurança hídrica de comunidades rurais vulneráveis","966.0","51.1","50.7","50.0","51.8","51.7","51.2","55.0","47.5"
"345","25","Subseguro climático estrutural em agricultura","966.0","51.1","52.2","50.0","50.0","50.0","53.5","50.0","51.9"
"346","27","Baixa penetração de seguros paramétricos inovadores","966.0","51.1","52.0","50.0","50.0","50.0","51.9","51.5","53.1"
"347","86","Uso ofensivo de IA em ataques e fraudes","966.0","51.1","50.0","53.5","54.1","50.0","50.0","50.0","50.0"
"348","109","Hegemonia de LLMs Anglocêntricos Esmagando Culturas Locais","966.0","51.1","51.2","53.5","51.8","50.0","50.0","50.0","50.0"
"349","144","Retraimento Social Acelerado pela Perda Auditiva","966.0","51.1","51.2","51.5","51.8","51.3","50.0","50.0","51.9"
"350","168","Falha Total na Garantia de Qualidade de Códigos Sintéticos","966.0","51.1","52.0","51.2","51.8","50.0","50.0","50.0","53.1"
"351","243","A Crise Sistêmica no Investimento Esportivo Local por Polarização do Niche-Market","966.0","51.1","51.0","50.9","53.6","50.0","51.5","51.0","50.0"
"352","265","Invasão Sistêmica de Fauna Migrante e Raiva Zoonótica em Grandes Cidades","966.0","51.1","52.0","50.0","51.8","51.3","50.0","50.0","53.1"
"353","409","Tensões Sociais no Enterramento de Redes Urbanas","966.0","51.1","52.2","50.0","53.6","50.0","50.0","52.0","50.0"
"354","422","Exclusão Tecnológica do Pequeno Produtor Agrícola","966.0","51.1","52.0","52.6","53.6","50.0","50.0","50.0","47.5"
"355","426","Guerra Física por Alocação de Água","966.0","51.1","50.7","52.9","51.8","50.0","50.0","52.0","50.0"
"356","439","Deficiência na Segurança da Mobilidade Urbana Prateada","966.0","51.1","50.0","50.9","51.8","52.7","51.2","52.0","49.4"
"357","481","Mortalidade Urbana Acirrada Pelo Paradoxo das Ilhas de Calor","966.0","51.1","51.2","50.0","51.8","50.0","50.0","53.5","53.1"
"358","491","O Vácuo no Preparo Emocional e Resiliência Para Um Mundo Volátil","966.0","51.1","52.2","50.0","53.6","50.0","50.0","52.0","50.0"
"359","10","Ausência de cadeias circulares para metais estratégicos","965.0","51.1","54.1","48.8","52.3","51.0","51.2","50.0","47.5"
"360","44","Falta de trilhas de requalificação ancoradas em resultados","965.0","51.1","51.5","50.0","50.0","53.0","51.9","50.0","50.0"
"361","53","Transporte público saturado e pouco confiável","965.0","51.1","52.4","50.9","50.0","50.0","50.0","52.0","51.9"
"362","105","Extinção do Trabalho Júnior e o Apagão de Seniores do Futuro","965.0","51.1","51.5","50.0","51.8","50.0","53.8","50.0","50.0"
"363","124","Toxicidade Financeira Vitalícia de Prescrições de Bem-Estar","965.0","51.1","51.0","50.0","51.8","50.0","54.6","50.0","50.0"
"364","174","O Pesadelo da ""Logística dos Últimos 50 Metros""","965.0","51.1","53.2","49.4","51.8","50.0","50.0","50.0","53.1"
"365","225","O Apagamento Silencioso de Dialetos e Nuances Linguísticas Locais","965.0","51.1","51.0","50.0","54.1","50.0","50.0","53.5","50.0"
"366","253","A Quebra de Margem na Rotação Diária de Painéis e Telhados Solares","965.0","51.1","51.2","52.1","53.6","50.0","50.0","50.0","50.0"
"367","301","O Choque entre Agentes de IA e o Labirinto do Licenciamento Ambiental","965.0","51.1","52.0","50.0","54.1","50.0","50.0","50.0","51.9"
"368","319","Insegurança Sistêmica de Infraestrutura de Roteadores Baratos em Casas Inteligentes","965.0","51.1","52.0","50.3","54.1","51.0","50.0","52.0","46.9"
"369","401","Competição Predatória entre Data Centers de IA e Cidades","965.0","51.1","50.0","52.4","51.8","51.3","50.0","52.0","50.0"
"370","474","Caixa Preta das Decisões Algorítmicas na Saúde e na Justiça","965.0","51.1","50.0","52.6","51.8","50.0","50.0","50.0","54.4"
"371","477","Mercantilização Sub-reptícia de Dados Biométricos de Micro-interação","965.0","51.1","52.7","49.4","51.8","51.0","50.0","52.0","50.0"
"372","480","Proliferação Explosiva de Assentamentos em Áreas Mapeadas de Risco Climático","965.0","51.1","51.0","50.0","51.8","51.7","51.2","52.0","50.0"
"373","488","Fricção Mortífera Entre O Tombamento Patrimonial E O Risco Climático de Adaptação","965.0","51.1","52.0","50.9","54.1","50.0","50.0","50.0","50.0"
"374","31","Inadequeção de moradias e cidades para longevidade ativa","964.0","51.0","50.0","52.4","50.0","51.7","50.0","50.0","53.8"
"375","100","Clonagem Sintética de Voz e Fraudes Familiares","964.0","51.0","52.7","50.0","51.8","50.0","50.0","52.0","50.0"
"376","127","Medicalização Precoce da Obesidade Pediátrica","964.0","51.0","50.0","52.1","51.8","51.3","50.0","52.0","50.0"
"377","128","Gargalo Extremo em Cirurgias Plásticas Reparadoras","964.0","51.0","51.2","50.9","53.6","50.0","50.0","50.0","51.9"
"378","148","Barreiras Tributárias à Aposentadoria Parcial","964.0","51.0","51.0","51.8","54.1","50.0","50.0","50.0","50.0"
"379","195","Isolamento, Câmaras de Eco e a Radicalização da Geração Jovem","964.0","51.0","51.0","50.0","51.8","51.3","50.0","52.0","51.9"
"380","232","Ameaça de Bio-Segurança no Descarte de Canetas GLP-1","964.0","51.0","52.2","49.4","51.8","50.0","50.0","52.0","52.5"
"381","262","Vazamento Estrutural e Constante de HFCs em Refrigeração Corporativa","964.0","51.0","53.4","49.4","51.8","50.0","51.2","50.0","50.0"
"382","476","Fratura Cultural Extrema Pela Ausência de Um Espaço Comum","964.0","51.0","50.0","52.1","51.8","50.0","50.0","52.0","52.5"
"383","478","Incapacidade Absoluta das PMEs contra o Ataque Cibernético da Nova Era","964.0","51.0","50.0","52.1","51.8","51.3","51.5","50.0","50.0"
"384","12","Exclusão de países não alinhados das novas cadeias de valor","963.0","51.0","52.2","49.4","53.6","51.0","51.5","50.0","47.5"
"385","61","Redesenho do mercado de alimentos sem inclusão dos mais pobres","963.0","51.0","50.7","52.4","50.0","50.0","50.0","52.0","51.9"
"386","111","O Tsunami do Descarte de Painéis Solares","963.0","51.0","53.4","50.0","51.8","50.0","50.0","50.0","50.0"
"387","143","A Transição da Menopausa como Ponto Cego Corporativo","963.0","51.0","50.7","50.3","51.8","50.0","53.8","50.0","50.0"
"388","212","Barreiras de Sotaque e Afasia nas Interfaces de Voz","963.0","51.0","51.7","50.0","51.8","51.0","50.0","52.0","50.0"
"389","221","A Frustração Geração Z com Estruturas Corporativas Achatadas","963.0","51.0","51.5","50.9","51.8","50.0","51.9","50.0","50.0"
"390","288","Sufocamento das Associações Recreativas Desportivas nos Subúrbios Metropolitanos","963.0","51.0","50.0","50.9","51.8","51.3","51.2","52.0","50.0"
"391","289","Inabilidade Logística da Retirada e Limpeza De Redes Oceânicas De Plástico Fantasma","963.0","51.0","50.0","51.5","51.8","50.0","51.9","52.0","50.0"
"392","292","Sustentabilidade Zero Nos Polos Gastronômicos Urbanos ""Fantasma"" e Cozinhas Cloud Irregulamentares Exaustivas da Fritura Logística Acelerada.","963.0","51.0","50.0","50.9","53.6","50.0","51.2","52.0","50.0"
"393","498","A Corrida Agressiva Pela Extrativismo Comercial e Militar no Espaço Sideral","963.0","51.0","51.2","50.0","53.6","50.0","50.0","50.0","53.1"
"394","22","Descompasso entre zoneamento de risco climático e crédito rural","962.0","50.9","53.2","50.0","50.0","50.0","50.0","50.0","52.5"
"395","36","Baixa atratividade das carreiras de cuidado para jovens","962.0","50.9","50.7","50.0","51.8","51.3","50.0","50.0","53.8"
"396","46","Capacidade limitada de integração de migrantes em cidades","962.0","50.9","51.0","50.0","50.0","51.3","50.0","53.0","51.9"
"397","52","Degradação de infraestrutura urbana em bairros populares","962.0","50.9","50.7","50.0","50.0","51.0","51.5","52.0","51.9"
"398","123","Efeitos Colaterais Gastrointestinais Sistêmicos","962.0","50.9","52.4","50.9","51.8","50.0","50.0","50.0","50.0"
"399","135","Epidemia de Papelão e Sobrecarga de Última Milha","962.0","50.9","51.2","51.2","51.8","50.0","50.0","52.0","50.0"
"400","139","Guerras de Boicote e Consumo Identitário Radical","962.0","50.9","52.2","50.0","51.8","51.3","50.0","50.0","50.0"
"401","152","Extrema Fragilidade Estratégica dos Cabos Submarinos","962.0","50.9","50.0","51.5","51.8","51.3","50.0","52.0","50.0"
"402","167","Captura Feudal das Startups Autônomas pelas Big Techs","962.0","50.9","50.0","51.8","54.1","50.0","50.0","54.0","46.2"
"403","193","Extinção e Fuga das Disciplinas Humanísticas da Era da Prompt-Engineering","962.0","50.9","50.0","53.8","51.8","50.0","50.0","50.0","50.0"
"404","200","O Apagão dos Semicondutores Legados em Manufaturas de Base","962.0","50.9","51.5","52.1","51.8","50.0","50.0","50.0","50.0"
"405","205","Dependência Frágil das Super-Redes de Transmissão Submarinas","962.0","50.9","51.0","51.5","51.8","50.0","50.0","52.0","50.0"
"406","464","Vigilância Biológica Voluntária e Dependência de Wearables","962.0","50.9","50.7","50.0","51.8","51.0","50.0","52.0","51.9"
"407","489","Obsolescência Imediata Da Pedagogia Conteudista Frente À Inteligência Algorítmica","962.0","50.9","51.0","50.9","51.8","50.0","51.2","51.5","50.0"
"408","8","Risco de captura por potências dominantes no refino de minerais","961.0","50.8","52.9","50.6","50.0","51.0","51.2","50.0","47.5"
"409","17","Conflito entre data centers de IA e demanda residencial","961.0","50.8","50.0","52.4","50.0","51.3","50.0","52.0","50.0"
"410","29","Dependência fiscal de subsídios mal calibrados em seguro rural","961.0","50.8","51.0","50.9","50.0","51.3","50.0","50.0","53.1"
"411","136","Paralisia Analítica Perante Estoques Globais Infinitos","961.0","50.8","51.2","52.1","51.8","50.0","50.0","50.0","50.0"
"412","214","Falta de Turismo Especializado em Imersão de Baixo Impacto Físico","961.0","50.8","50.7","50.0","54.1","51.3","50.0","50.0","50.0"
"413","235","Interações Severas e Ocultas do GLP-1 com Psicotrópicos","961.0","50.8","52.0","50.0","53.6","50.0","50.0","50.0","50.0"
"414","254","A Disparidade da Triagem de Saúde em Relação ao Genoma Feminino","961.0","50.8","50.0","51.2","51.8","51.7","50.0","50.0","51.9"
"415","266","Sufocamento Produtivo Pelos Longos Ciclos de Transição de Solo Degradado","961.0","50.8","51.2","50.9","51.8","51.3","50.0","50.0","50.0"
"416","268","Dificuldades de Implementação das Cotas de Reciclagem Corporativa","961.0","50.8","51.0","48.8","54.1","51.3","51.2","50.0","50.0"
"417","448","Exploração da Mão de Obra Migrante como Ajuste Friccional","961.0","50.8","51.0","50.0","53.6","51.3","50.0","50.0","50.0"
"418","483","Degradação Galopante da Infraestrutura de Drenagem Centenária","961.0","50.8","50.0","50.9","51.8","50.0","50.0","52.0","53.1"
"419","37","Dependência de migração em países envelhecidos","960.0","50.8","50.0","50.0","51.8","50.0","50.0","54.0","51.9"
"420","67","Alienação em relação ao corpo físico","960.0","50.8","51.0","52.1","51.8","50.0","50.0","50.0","50.0"
"421","82","Asimetria de informação extrema entre desenvolvedores e sociedade","960.0","50.8","50.0","50.9","50.0","51.7","51.2","52.0","50.0"
"422","110","Redlining Climático Imobiliário","960.0","50.8","52.0","50.0","51.8","51.0","50.0","50.0","50.0"
"423","155","Vulnerabilidade Fitossanitária a Armas Biológicas Indiretas","960.0","50.8","51.0","52.1","51.8","50.0","50.0","50.0","50.0"
"424","279","Isolamento Cultural da Velhice Pela Falta de ""Lugares de Convivência Noturna"" Intergeracionais","960.0","50.8","51.0","50.0","51.8","52.7","51.2","50.0","47.5"
"425","304","Inadequação de Drones de Combate a Incêndios Florestais em Biomas Densos (Amazônia/Pantanal)","960.0","50.8","51.0","50.9","51.8","50.0","50.0","50.0","52.5"
"426","412","Concentração Geopolítica no Refino de Terras Raras","960.0","50.8","52.0","50.0","51.8","50.0","50.0","50.0","51.9"
"427","419","Nacionalismo de Recursos e Risco Jurídico","960.0","50.8","52.0","50.9","51.8","50.0","50.0","50.0","50.0"
"428","437","Ausência de Produtos Premium para a Vitalidade Prateada","960.0","50.8","50.7","50.3","53.6","50.0","51.2","50.0","50.0"
"429","455","Aprisionamento do Consumidor no Social Commerce (Lock-In)","960.0","50.8","50.0","50.0","51.8","50.0","50.0","54.0","51.9"
"430","11","Reconfiguração caótica de cadeias globais via friendshoring","959.0","50.7","52.0","50.6","50.0","50.0","51.9","50.0","49.4"
"431","41","Ansiedade de obsolescência frente à IA","959.0","50.7","51.2","50.0","52.3","50.0","51.5","50.0","50.0"
"432","68","Normalização da multitarefa permanente","959.0","50.7","52.2","50.0","52.3","50.0","50.0","50.0","50.0"
"433","84","Desigualdade de acesso à infraestrutura de computação avançada","959.0","50.7","50.0","52.1","51.8","51.0","50.0","50.0","50.0"
"434","133","Infiltração Sistêmica de Falsificações Sofisticadas","959.0","50.7","50.0","52.1","53.6","50.0","50.0","52.0","46.9"
"435","175","Ilhas de Ruído e Carga Sonora Friccional da Densificação","959.0","50.7","51.2","51.5","51.8","50.0","50.0","50.0","50.0"
"436","263","Sobrecarga dos Abrigos de Emergência Frente às Extensas Tempestades","959.0","50.7","52.2","49.4","51.8","50.0","51.2","50.0","50.0"
"437","429","Fragilidade Extrema da Logística de Safras","959.0","50.7","52.9","49.4","51.8","50.0","50.0","50.0","50.0"
"438","479","Habitação Inacessível e A Expulsão Das Classes Produtivas da Metrópole","959.0","50.7","51.0","50.3","51.8","51.7","50.0","50.0","50.0"
"439","497","O Derretimento da Legitimidade do Repasse Midiático nas Instituições Tradicionais","959.0","50.7","50.0","50.6","54.1","50.0","50.0","50.0","51.9"
"440","153","A Síndrome de Kessler e a Privatização da Órbita Baixa","958.0","50.7","50.0","50.0","54.1","51.3","50.0","52.0","47.5"
"441","154","Gargalo Estratégico de Ingredientes Farmacêuticos Ativos (APIs)","958.0","50.7","51.0","49.4","53.6","50.0","51.2","50.0","50.0"
"442","160","Divórcio Fatal Entre o ""Vibe Coding"" e o Mundo da Física Real","958.0","50.7","52.0","51.5","51.8","50.0","50.0","50.0","47.5"
"443","218","A Exaustão Psicológica da Tarefa de Revisão de Código IA","958.0","50.7","51.0","51.5","51.8","50.0","50.0","50.0","50.0"
"444","250","O ""Dating Burnout"" e a Mecanização Depressiva da Afetividade Moderna","958.0","50.7","50.0","52.6","51.8","50.0","50.0","50.0","50.0"
"445","273","Dependência Fatal do Agronegócio Nos Serviços Cloud de Precisão","958.0","50.7","50.0","51.5","51.8","51.3","50.0","50.0","50.0"
"446","414","Inexistência de Cadeias Circulares para Baterias","958.0","50.7","51.2","49.4","53.6","51.3","50.0","51.0","47.5"
"447","42","Desconfiança em relação a lideranças corporativas","957.0","50.6","51.7","50.0","50.0","50.0","51.9","50.0","50.0"
"448","47","Exploração de mão de obra migrante em setores essenciais","957.0","50.6","52.7","49.4","50.0","50.0","51.2","50.0","50.0"
"449","98","Baixa conexão entre escolas e desafios locais","957.0","50.6","50.0","50.0","50.0","51.7","51.2","52.0","50.0"
"450","114","Migração de Pragas Agrícolas por Aquecimento","957.0","50.6","50.0","50.0","51.8","50.0","50.0","54.0","50.0"
"451","126","Ameaça Odontológica por Dietas Sintéticas sem Açúcar","957.0","50.6","50.0","50.0","51.8","50.0","50.0","50.0","55.0"
"452","321","O Apagão da Energia Firme para os Grandes Data Centers no Equador Climático","957.0","50.6","50.0","52.4","51.8","50.0","50.0","50.0","50.0"
"453","427","Desertificação e Perda de Fertilidade por Extremos","957.0","50.6","52.2","50.9","51.8","50.0","50.0","50.0","47.5"
"454","466","Inflação Brutal na Cesta de Alimentos Saudáveis","957.0","50.6","50.0","50.0","53.6","51.7","51.2","50.0","47.5"
"455","486","Lentidão Desesperadora Na Readequação Climática (Retrofit) de Prédios Legados","957.0","50.6","51.0","50.0","51.8","51.3","50.0","50.0","50.0"
"456","2","Conflito entre agricultura irrigada e abastecimento urbano","956.0","50.6","50.0","52.4","50.0","50.0","50.0","50.0","51.9"
"457","196","A Ditadura Algorítmica e a Eliminação do ""Design Estranho"" (""Instagram Face/Home"")","956.0","50.6","51.0","50.9","51.8","50.0","50.0","50.0","50.0"
"458","211","Risco de Quedas Não Mapeadas em Banheiros Residenciais Legados","956.0","50.6","51.0","50.9","51.8","50.0","50.0","50.0","50.0"
"459","213","Exclusão de Moda para o Consumidor Diabético e de Baixa Mobilidade","956.0","50.6","51.7","50.0","51.8","50.0","50.0","50.0","50.0"
"460","237","A Epidemia Silenciosa de Miopia e Atrofia Foco-Ocular Pediátrica","956.0","50.6","51.2","49.4","51.8","51.3","50.0","50.0","50.0"
"461","246","Ilusão de Liquidez na Tokenização Selvagem do Setor Imobiliário","956.0","50.6","50.7","50.3","51.8","51.0","50.0","50.0","50.0"
"462","413","Conflito entre Megamineração e Segurança Hídrica","956.0","50.6","50.0","50.9","53.6","50.0","50.0","50.0","50.0"
"463","417","Inflação Estrutural de Insumos Básicos por Tarifas","956.0","50.6","50.7","50.0","53.6","50.0","50.0","50.0","50.0"
"464","463","Saturação Cognitiva e Extinção do ""Foco Profundo""","956.0","50.6","50.0","50.0","51.8","51.0","50.0","52.0","50.0"
"465","112","O Desafio Logístico das Pás Eólicas Órfãs","955.0","50.5","52.0","49.4","51.8","50.0","50.0","50.0","50.0"
"466","201","Gargalo de Rejeitos Tóxicos no Refino de Terras Raras","955.0","50.5","50.0","50.9","51.8","50.0","51.2","50.0","50.0"
"467","230","Ataques Cibernéticos Visando Sensores Analógicos da Indústria 4.0","955.0","50.5","50.7","51.2","51.8","50.0","50.0","50.0","49.4"
"468","324","Gargalo Operacional na Descarbonização da Frota Rodoviária Pesada BR","955.0","50.5","51.0","49.4","51.8","50.0","50.0","50.0","52.5"
"469","418","Obsolescência de Infraestrutura Logística Tradicional","955.0","50.5","51.0","49.4","51.8","51.3","50.0","50.0","50.0"
"470","54","Ilhas de calor urbanas e saúde pública","954.0","50.5","50.0","50.0","50.0","51.0","50.0","50.0","53.8"
"471","141","Golpes Digitais Contra as Poupanças Prateadas (Grandparent Exploitation)","954.0","50.5","50.0","50.0","51.8","51.7","50.0","50.0","50.0"
"472","49","Invisibilidade de migrantes climáticos em marcos legais","953.0","50.4","51.2","50.0","50.0","50.0","51.2","50.0","50.0"
"473","178","Iniquidade Extrema de Conforto Térmico: A Segregação pela Sombra","953.0","50.4","50.0","51.2","51.8","50.0","50.0","50.0","50.0"
"474","191","O Fim da Negociação Cívica Devido ao Aprendizado Hiper-Personalizado","953.0","50.4","51.0","50.0","51.8","50.0","50.0","50.0","50.0"
"475","275","Falta De Padronização Em Reciclagem Das Matrizes Magnéticas Friccionais","953.0","50.4","50.0","51.2","51.8","50.0","50.0","50.0","50.0"
"476","408","Vulnerabilidade Climática da Estrutura de Carregamento de EVs","953.0","50.4","51.0","50.0","51.8","50.0","50.0","50.0","50.0"
"477","5","Governança frágil de rios transfronteiriços","952.0","50.4","51.0","50.0","50.0","51.0","50.0","50.0","50.0"
"478","131","Poluição por Microplásticos do Ultra-Fast Fashion","952.0","50.4","50.0","50.0","51.8","50.0","50.0","50.0","51.9"
"479","134","Dissonância Cultural do ""Live Commerce"" no Ocidente","952.0","50.4","50.0","50.0","51.8","51.0","50.0","50.0","50.0"
"480","308","Abandono Algorítmico do Crédito Rural de Pequeno Porte (Agricultura Familiar)","952.0","50.4","50.0","50.0","51.8","50.0","51.2","50.0","50.0"
"481","487","Segregação Acelerada e O Surgimento Da ""Premiumização"" Dos Bairros Climáticos Seguros","952.0","50.4","50.0","50.9","51.8","50.0","50.0","50.0","50.0"
"482","23","Fragilidade de cadeias globais de alimentos","951.0","50.3","50.0","50.9","51.8","50.0","50.0","50.0","49.4"
"483","92","Dificuldade de financiar transição justa em países de baixa renda","951.0","50.3","51.0","50.6","50.0","50.0","50.0","50.0","50.0"
"484","96","Desigualdade de acesso a alfabetização em IA","951.0","50.3","50.0","51.8","50.0","50.0","50.0","50.0","50.0"
"485","97","Falta de preparação emocional para incerteza permanente","951.0","50.3","51.2","50.3","50.0","50.0","50.0","50.0","50.0"
"486","310","Fadiga das Doações Pós-Catástrofes Climáticas Cíclicas","951.0","50.3","51.0","49.4","51.8","50.0","50.0","50.0","50.0"
"487","60","Desigualdade de acesso a soluções avançadas de bem-estar","950.0","50.3","50.7","50.9","50.0","50.0","50.0","50.0","49.4"
"488","406","Escassez Crítica de Transformadores e Componentes","950.0","50.3","50.0","50.0","51.8","50.0","50.0","50.0","50.6"
"489","89","Baixa coordenação internacional em incidentes cibernéticos","949.0","50.2","50.0","51.2","50.0","50.0","50.0","50.0","50.0"
"490","91","Risco de conflitos por recursos em regiões frágeis","949.0","50.2","51.0","50.0","50.0","50.0","50.0","50.0","50.0"
"491","94","Fragmentação de iniciativas de cooperação sobre escassez","949.0","50.2","51.0","50.0","50.0","50.0","50.0","50.0","50.0"
"492","118","Evaporação Severa e Assoreamento em Reservatórios Hídricos","949.0","50.2","50.0","50.0","51.8","50.0","50.0","50.0","50.0"
"493","122","Transferência de Compulsões e Vícios na Era GLP-1","949.0","50.2","50.0","50.0","51.8","50.0","50.0","50.0","50.0"
"494","203","Vulnerabilidade Geopolítica dos Chokepoints Marítimos","949.0","50.2","50.0","51.2","51.8","50.0","50.0","50.0","47.5"
"495","117","Inviabilidade do Trabalho Braçal Diurno no Campo","947.0","50.1","50.0","49.4","51.8","50.0","50.0","50.0","50.0"
"496","119","Whiplash Logístico de Materiais Pós-Catástrofe","947.0","50.1","51.0","49.4","51.8","50.0","50.0","50.0","47.5"
"497","99","Ausência de pontes estruturadas entre educação e requalificação contínua","945.0","50.0","50.0","50.0","50.0","50.0","50.0","50.0","50.0"
"498","150","Espionagem Oculta em Dispositivos IoT de Consumo","945.0","50.0","50.0","50.3","51.8","50.0","50.0","50.0","46.9"
